feature,type,corr_x_y,corr_x2_y
X_lin_1,true_signal,0.41076112841148654,-0.05958119190887072
X_lin_2,true_signal,-0.3210759686676238,-0.0605369575170948
X_lin_3,true_signal,0.5897862273431775,-0.10000047833638825
X_nonlin_1,true_signal,-0.48160999453535863,0.3584875586080694
X_nonlin_2,true_signal,-0.23132467253317882,-0.25704866858454095
X_noise_1,noise_example,0.04967181620047081,0.22783607518592405
X_noise_2,noise_example,0.12592249775909672,-0.188129579017205
X_noise_3,noise_example,0.21162388564640108,-0.07923148111397282
X_noise_4,noise_example,-0.09165770721532447,-0.14140022429326063
X_noise_5,noise_example,-0.08751689157144034,0.3545090856142097
X_noise_6,noise_example,-0.0030294388045966967,0.10800701562885764
X_noise_7,noise_example,-0.12129447012076189,0.05970111773093943
X_noise_8,noise_example,-0.14965008812596936,0.2765005759869633
X_noise_9,noise_example,0.15038069352960248,-0.17615043746708192
X_noise_10,noise_example,0.056299084663001424,-0.13956162741612158
X_lin_1 * X_nonlin_1,true_pair_term,0.00863568461984874,
X_lin_2 * X_lin_3 * X_nonlin_2,true_triplet_term,0.4721609237160456,
z_lin,component,0.710353418030198,
z_nonlin,component,0.5296573376547278,
z_pair,component,0.008635684619848696,
z_triplet,component,0.4721609237160458,
eps,component,0.06380327504836414,
