z_lin,z_nonlin_1,z_nonlin_2,z_nonlin,z_pair,z_triplet,eps,y
3.428989626295404,-3.590991962066764,-0.6128164414911438,-4.2038084035579075,0.6629469240839749,5.091442475992665,0.07932466607768372,5.0588952888918195
-1.3022731226579778,-3.4961480802077585,-0.6128164414911438,-4.108964521698902,0.4966803701229135,0.10003801085672577,0.4046055677996005,-4.40991369557764
0.42756398227566716,0.2361238941151847,0.16538638414139745,0.40151027825658214,0.5172340385381302,0.1443510547242636,-0.6625217771251588,0.8281375766694845
4.270651394745364,1.8074701540793563,-0.6128164414911438,1.1946537125882126,-1.1553980678710702,1.6889738396476617,-0.12838417307439734,5.870496706035771
-0.34206108326395496,-3.046695013941385,1.4531723484998729,-1.5935226654415122,-0.9963281510565056,-1.3925530004595208,0.373118982920604,-3.95134591730089
-0.13802341524869877,-3.4853888565923,-0.6128164414911438,-4.098205298083444,-0.3154531622400085,0.08024756753774888,0.029520066754167327,-4.4419142412802355
-2.3710591640594374,-1.3457944420429142,-0.6128164414911438,-1.958610883534058,1.089866790197743,0.40677515427806493,0.6603002154348661,-2.1727278876828215
2.9896782363356005,0.8613784198776065,-0.6128164414911438,0.24856197838646277,-2.436357685569082,-0.24864697121241136,-0.7091655111841133,-0.1559299532435432
0.19248467571774408,9.1491126681721,-0.6128164414911438,8.536296226680955,0.8744408872935847,-1.1456494937082236,-0.76050079557576,7.697071500408299
-1.6144152209868257,0.3345025148811293,-0.5553728092950162,-0.2208702944138869,0.26349283966091297,-0.0710915372687555,0.34635893248022304,-1.296525280528332
0.26217295401076457,-2.7075924560588445,-0.6128164414911438,-3.320408897549988,-0.31542078728715783,1.2496957197094736,0.3896132467197487,-1.7343477643971592
-1.322753382289964,-3.4513484670958663,1.106124540458157,-2.3452239266377095,-1.2169386986050637,0.011688504778223504,-0.086962503074325,-4.960190005828839
-2.4318321803403666,2.3298446344062924,-0.6128164414911438,1.7170281929151487,1.6412052232946321,-0.46865435238210745,0.18017748002057593,0.6379243635078827
-4.005677497409201,-2.561909468187415,1.2710105602470287,-1.2908989079403863,-0.25375960810128917,-1.1013030582223011,0.335343139934133,-6.316295931739045
-0.8309363279225317,4.7001881634137215,-0.6128164414911438,4.087371721922578,1.4613436581593213,-1.9635828321648308,-0.3662384426332859,2.3879577773612506
5.640515672885003,10.599467772986266,-0.6128164414911438,9.986651331495121,-7.199625358978467,-0.8590335380399761,-0.31808176877218464,7.250426338589496
-4.1192090285384255,-3.4579844631830463,0.010411353388213751,-3.4475731097948326,-2.552005207510445,-0.7493475413972299,0.08537678063938647,-10.782758106601547
-1.7453812680744278,-3.5150827478542763,-0.6128164414911438,-4.12789918934542,1.090821783594537,3.134405578516042,0.40684003195217405,-1.2412130633570952
-3.801666009439382,-2.7214239089853955,-0.5927182124247568,-3.3141421214101525,4.487144925041031,-1.4884323570788387,-0.5246806168610931,-4.641776179748436
-0.45428745448437713,-2.848135321101484,0.941504721294461,-1.9066305998070232,-0.3166695911942618,1.0189848533044443,-0.08907643437075871,-1.7476792265519765
-0.4389894764301352,1.0792034733149312,1.6926162675702194,2.7718197408851504,1.2694643248499615,0.7329342778885828,-0.10990648426699741,4.225322382926562
1.4498324070415847,0.3080232891446904,1.6250014678371993,1.9330247569818897,-6.93541151834603,-4.776840047858001,0.1880815972692439,-8.141312804911314
-0.9937964485400834,-2.43958886583255,-0.6128164414911438,-3.052405307323694,-0.7959430452379478,-0.053742362666061055,-0.0039142665039754235,-4.899801430271761
1.5363835635332803,-3.387036602293344,-0.6128164414911438,-3.9998530437844875,1.1196583789500028,-0.0020749901193400323,-0.24564761271128674,-1.5915337041318312
-1.0574670908270898,-3.574581504770343,-0.6128164414911438,-4.187397946261487,-0.23639324953739022,0.07647743683361576,0.5618546013408326,-4.842926248451518
-1.8229265488246646,-3.156288925760363,-0.31620486696013,-3.472493792720493,-0.4412956732070368,0.32653858887695203,-0.242665866729369,-5.6528432926046115
-0.62252348824327,6.6683747812644505,-0.6128164414911438,6.055558339773307,-0.7605657995320679,-3.4730160240751715,-0.13144336335965415,1.0680096645631434
-4.636269720596593,-1.8235741383966892,-0.3134742303995003,-2.1370483687961896,0.14754514913814468,-0.9289332902974626,-0.7161739361638306,-8.270880166715932
3.4238937701802596,-3.0447840576879397,-0.6128164414911438,-3.6576004991790834,1.6807608805283583,-0.09333887599669385,-0.32113164458065285,1.0325836309521879
1.7768315170304114,-3.4413538144804208,-0.6128164414911438,-4.054170255971565,-2.185992073447139,0.8492762220258917,0.23223423435257248,-3.3818203560098286
1.9655113986500843,-3.4537478200357095,-0.6128164414911438,-4.066564261526853,0.24674271686345414,1.2388265466641637,0.14427088035968696,-0.47121271898946404
5.205622329527343,-0.8976836326072105,-0.6128164414911438,-1.5105000740983543,-1.549983937796033,0.00208912407706203,0.26978264552959286,2.4170100872396105
4.075991850089009,8.703220686611381,-0.6128164414911438,8.090404245120236,-5.544830694585349,-0.03898989730636978,0.24794202867555165,6.830517531993078
3.703109131173564,-2.6194165947530696,0.4992999349044975,-2.120116659848572,0.36599558820441686,-0.609126231722751,0.9394713163328193,2.279333144139477
-3.3583865809089857,-3.459655775452706,0.4172496209388788,-3.0424061545138272,-1.1124735888047075,-0.5556826388225318,-0.3365364723511095,-8.405485435401163
-4.227876915012863,-0.8215021082674113,-0.6128164414911438,-1.434318549758555,1.81839981649046,-2.092541058121902,-0.7287406845456548,-6.6650773909485155
1.8717364978999682,-2.0993609329333975,-0.6128164414911438,-2.712177374424541,-0.07561991309206323,-0.48001067020089583,-0.47274884823218577,-1.8688203080497179
-4.793789045751169,4.072807961672108,4.003201932553082,8.07600989422519,-0.3355334816540904,-23.648847148344686,-0.31664332612421614,-21.01880310764897
4.1305771541528316,-1.7727382509464114,-0.6128164414911438,-2.3855546924375552,-0.06408156016557232,2.1179204186297613,-0.43844712147760995,3.3604141987018554
-0.4843581704066329,8.650838861513844,-0.6128164414911438,8.038022420022699,-2.6073989907008044,1.0244442350521479,0.04214738144018438,6.012856875407593
0.9959617593675625,0.5957682516509821,-0.3844945916924572,0.21127365995852493,-0.49512380028377234,1.1137557280769579,0.5636947075006596,2.3895620546199328
4.114987569352344,3.297126565273119,1.440325655729818,4.737452221002937,-0.9463653753240328,-3.4309880559998405,0.6928465828364616,5.1679329418678694
-4.014308349012703,-3.483183238963566,-0.40879101795253264,-3.891974256916099,-1.158978638923424,-0.43257719672691375,0.22693882583097197,-9.270899615748167
-1.452753764203401,-1.5439362955609852,1.2423558606409217,-0.3015804349200635,-0.18459190081682422,-2.0918499980843075,0.9635724969543069,-3.0672036010702888
0.21304419802015395,-0.020567121233280083,1.1942955903125083,1.1737284690792282,-1.147456567328927,-0.8942677158033209,-0.1603678754548886,-0.8153194914877544
1.8151571472521542,6.24813983309417,1.2843157385165498,7.532455571610719,-0.031410297849563756,0.001995452786184939,-0.7346335689010919,8.583564304898402
1.2458550578697665,-1.409551579594625,-0.6128164414911438,-2.022368021085769,1.0339904777430262,-0.6575539150922569,0.47393013054967625,0.07385372998444317
-4.859937933431906,-3.5064556998592082,-0.6128164414911438,-4.119272141350352,-1.9816209141632677,2.310073513881031,-0.8273674762870782,-9.478124951351573
0.14617253915250106,-2.229727231992718,0.8959836034834101,-1.3337436285093078,-0.0042336609984834715,1.4893312054118324,-0.3397513602149119,-0.04222490515836974
2.360234254346697,14.771637453268074,-0.12515593153094257,14.646481521737131,0.8052994377363278,-0.5914755357067113,0.23405050459025836,17.454590182703704
